<?xml version="1.0" encoding="UTF-8"?>
<!DOCTYPE suite SYSTEM "http://testng.org/testng-1.0.dtd">
<suite name="ZoloTestSuite" parallel="false">
  <parameter name="appURL" value="http://52.201.90.154:9002/"/>
  <parameter name="UserName" value="7777777029"/>	
 <parameter name="Password" value="123456"/>	
 <parameter name="testDataFileName" value="TestData.xlsx"/>
 <parameter name="sheetName" value="Sheet1"/> 	
<!--=======================================================================================================================--> 
  <test name="TestScenario1">
    <classes>
      <class name="ZoloProject.ZoloProject.AppTest">
        <methods>
          <include name="TC_01_LaunchApplicationAndLogin"/>
          <include name="TC_02_VerifySearchResult" />
          <exclude name="TC_03_ScheduleVisitToPG" />
          <include name="TC_04_RequestBed" />
          <include name="TC_05_MakePayment" />
        </methods>
      </class>
      </classes>
      </test>
  </suite>
  